file	format	type	num_seqs	sum_len	min_len	avg_len	max_len	Q1	Q2	Q3	sum_gap	N50	N50_num	Q20(%)	Q30(%)	AvgQual	GC(%)	sum_n
/data1/users/siyangming/eccDNA/Artemisia_annua/ERR11535564_1.fastq.gz	FASTQ	DNA	18769154	2834142254	151	151.0	151	151	151	151	0	151	1	97	92	25.59	40.25	2548
/data1/users/siyangming/eccDNA/Artemisia_annua/ERR11535564_2.fastq.gz	FASTQ	DNA	18769154	2834142254	151	151.0	151	151	151	151	0	151	1	94	87	23.11	40.34	275542
/data1/users/siyangming/eccDNA/Artemisia_annua/ERR11535563_1.fastq.gz	FASTQ	DNA	14287207	2157368257	151	151.0	151	151	151	151	0	151	1	98	93	26.49	36.58	2104
/data1/users/siyangming/eccDNA/Artemisia_annua/ERR11535563_2.fastq.gz	FASTQ	DNA	14287207	2157368257	151	151.0	151	151	151	151	0	151	1	94	85	22.57	36.84	210418
/data1/users/siyangming/eccDNA/Artemisia_annua/ERR11535565_1.fastq.gz	FASTQ	DNA	20200632	3050295432	151	151.0	151	151	151	151	0	151	1	97	93	26.20	39.72	13079
/data1/users/siyangming/eccDNA/Artemisia_annua/ERR11535565_2.fastq.gz	FASTQ	DNA	20200632	3050295432	151	151.0	151	151	151	151	0	151	1	95	88	23.66	39.96	188332
/data1/users/siyangming/eccDNA/Tragopogon_porrifolius/ERR11535567_1.fastq.gz	FASTQ	DNA	20357622	3074000922	151	151.0	151	151	151	151	0	151	1	97	92	25.81	43.03	2882
/data1/users/siyangming/eccDNA/Tragopogon_porrifolius/ERR11535567_2.fastq.gz	FASTQ	DNA	20357622	3074000922	151	151.0	151	151	151	151	0	151	1	95	88	23.44	43.32	303219
/data1/users/siyangming/eccDNA/Tragopogon_porrifolius/ERR11535568_1.fastq.gz	FASTQ	DNA	18569929	2804059279	151	151.0	151	151	151	151	0	151	1	97	91	25.17	41.86	2615
/data1/users/siyangming/eccDNA/Tragopogon_porrifolius/ERR11535568_2.fastq.gz	FASTQ	DNA	18569929	2804059279	151	151.0	151	151	151	151	0	151	1	95	88	23.64	41.85	270656
/data1/users/siyangming/eccDNA/Tragopogon_porrifolius/ERR11535566_1.fastq.gz	FASTQ	DNA	15886747	2398898797	151	151.0	151	151	151	151	0	151	1	97	93	26.05	38.21	95498
/data1/users/siyangming/eccDNA/Tragopogon_porrifolius/ERR11535566_2.fastq.gz	FASTQ	DNA	15886747	2398898797	151	151.0	151	151	151	151	0	151	1	94	87	23.03	38.36	4469
/data1/users/siyangming/eccDNA/Triticum_aestivum/ERR12724370.fastq.gz	FASTQ	DNA	391910	723416967	70	1845.9	234553	370	760	1893	0	4316	12717	70	47	13.61	48.48	0
/data1/users/siyangming/eccDNA/Triticum_aestivum/ERR12724366.fastq.gz	FASTQ	DNA	580058	960044670	68	1655.1	89573	417	783	1664	0	3352	14223	71	47	13.92	44.20	0
/data1/users/siyangming/eccDNA/Triticum_aestivum/ERR12724387.fastq.gz	FASTQ	DNA	491408	1101656381	73	2241.8	157875	422	830	1976	0	6263	16617	71	47	14.32	44.57	0
/data1/users/siyangming/eccDNA/Triticum_aestivum/ERR12724385.fastq.gz	FASTQ	DNA	507702	1392846984	65	2743.4	146809	414	887	2398	0	8609	18362	71	46	14.47	45.04	0
/data1/users/siyangming/eccDNA/Triticum_aestivum/ERR12724369.fastq.gz	FASTQ	DNA	727996	1589456729	63	2183.3	141930	397	884	2266	0	5319	17975	72	49	14.17	46.45	0
/data1/users/siyangming/eccDNA/Triticum_aestivum/ERR12724374.fastq.gz	FASTQ	DNA	579321	989408453	72	1707.9	163234	392	751	1631	0	3706	15494	71	47	13.83	45.02	0
/data1/users/siyangming/eccDNA/Triticum_aestivum/ERR12724404.fastq.gz	FASTQ	DNA	587564	1218580600	70	2074.0	161612	398	788	1834	0	5524	17641	70	46	14.09	45.06	0
/data1/users/siyangming/eccDNA/Triticum_aestivum/ERR12724379.fastq.gz	FASTQ	DNA	631147	1688400839	72	2675.1	1384683	395	833	2278	0	8670	20381	71	46	14.45	44.77	0
/data1/users/siyangming/eccDNA/Triticum_aestivum/ERR12724394.fastq.gz	FASTQ	DNA	464442	1145289070	71	2465.9	144779	461	927	2239	0	6666	16869	71	46	14.33	44.92	0
/data1/users/siyangming/eccDNA/Triticum_aestivum/ERR12724343.fastq.gz	FASTQ	DNA	387329	634617308	80	1638.4	138605	359	665	1445	0	4052	12723	70	47	13.88	44.18	0
/data1/users/siyangming/eccDNA/Triticum_aestivum/ERR12724345.fastq.gz	FASTQ	DNA	430928	722527199	64	1676.7	124684	357	704	1590	0	3856	13333	70	47	13.69	45.34	0
/data1/users/siyangming/eccDNA/Triticum_aestivum/ERR12724340.fastq.gz	FASTQ	DNA	470493	735666357	72	1563.6	114979	391	718	1483	0	3219	13410	70	46	13.74	44.16	0
/data1/users/siyangming/eccDNA/Triticum_aestivum/ERR12724336.fastq.gz	FASTQ	DNA	542330	990408707	63	1826.2	181421	340	676	1578	0	4973	16146	69	46	13.82	44.68	0
/data1/users/siyangming/eccDNA/Triticum_aestivum/ERR12724383.fastq.gz	FASTQ	DNA	328796	755654875	78	2298.2	132950	380	793	1978	0	6833	13538	70	46	14.16	44.91	0
/data1/users/siyangming/eccDNA/Triticum_aestivum/ERR12724341.fastq.gz	FASTQ	DNA	514226	850497073	73	1653.9	260482	382	719	1531	0	3637	14598	71	47	13.87	44.28	0
/data1/users/siyangming/eccDNA/Triticum_aestivum/ERR12724342.fastq.gz	FASTQ	DNA	589227	1038150258	66	1761.9	145405	339	668	1499	0	4753	16702	70	46	13.81	44.36	0
/data1/users/siyangming/eccDNA/Triticum_aestivum/ERR12724382.fastq.gz	FASTQ	DNA	516214	1157373696	67	2242.0	165151	406	822	1949	0	6287	17420	71	46	14.21	44.99	0
/data1/users/siyangming/eccDNA/Triticum_aestivum/ERR12724338.fastq.gz	FASTQ	DNA	665928	1054978479	72	1584.2	150903	348	660	1424	0	3650	16449	69	45	13.67	44.43	0
/data1/users/siyangming/eccDNA/Triticum_aestivum/ERR12724337.fastq.gz	FASTQ	DNA	652221	1104860158	65	1694.0	130189	378	715	1526	0	3902	16873	70	46	13.81	44.23	0
/data1/users/siyangming/eccDNA/Triticum_aestivum/ERR12724339.fastq.gz	FASTQ	DNA	560303	1194276293	68	2131.5	152015	413	813	1860	0	5802	17524	71	46	14.18	43.91	0
/data1/users/siyangming/eccDNA/Triticum_aestivum/ERR12724384.fastq.gz	FASTQ	DNA	417702	713564194	61	1708.3	137744	378	719	1557	0	3905	13527	70	46	13.89	44.27	0
/data1/users/siyangming/eccDNA/Triticum_aestivum/ERR12724344.fastq.gz	FASTQ	DNA	749724	1507440249	70	2010.7	159860	342	691	1690	0	6039	19811	70	46	14.05	44.63	0
/data1/users/siyangming/eccDNA/Triticum_aestivum/ERR12724406.fastq.gz	FASTQ	DNA	519785	1060683033	75	2040.6	178219	394	762	1752	0	5581	16603	70	46	14.14	44.45	0
/data1/users/siyangming/eccDNA/Triticum_aestivum/ERR12724347.fastq.gz	FASTQ	DNA	383483	615481439	77	1605.0	112614	392	739	1539	0	3324	12286	70	47	13.74	44.02	0
/data1/users/siyangming/eccDNA/Triticum_aestivum/ERR12724346.fastq.gz	FASTQ	DNA	789874	1449423520	71	1835.0	130694	393	776	1739	0	4271	18235	71	47	14.04	44.66	0
/data1/users/siyangming/eccDNA/Triticum_aestivum/ERR12724350.fastq.gz	FASTQ	DNA	515665	739050862	64	1433.2	146912	340	634	1337	0	3005	13478	69	45	13.58	43.78	0
/data1/users/siyangming/eccDNA/Triticum_aestivum/ERR12724410.fastq.gz	FASTQ	DNA	991776	1577958288	77	1591.0	115874	487	818	1646	0	2884	15674	81	64	15.80	44.42	0
/data1/users/siyangming/eccDNA/Triticum_aestivum/ERR12724351.fastq.gz	FASTQ	DNA	499485	848816099	78	1699.4	108645	385	727	1582	0	3851	14513	71	47	13.92	44.37	0
/data1/users/siyangming/eccDNA/Triticum_aestivum/ERR12724349.fastq.gz	FASTQ	DNA	665067	908915439	70	1366.7	118269	356	647	1307	0	2616	14390	69	46	13.54	43.99	0
/data1/users/siyangming/eccDNA/Triticum_aestivum/ERR12724348.fastq.gz	FASTQ	DNA	717571	1182843283	68	1648.4	196914	375	723	1542	0	3566	17029	70	46	13.74	44.46	0
/data1/users/siyangming/eccDNA/Triticum_aestivum/ERR12724355.fastq.gz	FASTQ	DNA	446778	726180684	66	1625.4	154720	406	779	1659	0	3247	12712	70	47	13.77	45.20	0
/data1/users/siyangming/eccDNA/Triticum_aestivum/ERR12724403.fastq.gz	FASTQ	DNA	736046	1386369309	73	1883.5	227508	376	724	1625	0	4922	19098	70	46	13.96	44.70	0
/data1/users/siyangming/eccDNA/Triticum_aestivum/ERR12724354.fastq.gz	FASTQ	DNA	565664	954999808	66	1688.3	168483	363	746	1703	0	3769	14244	70	46	13.73	45.33	0
/data1/users/siyangming/eccDNA/Triticum_aestivum/ERR12724352.fastq.gz	FASTQ	DNA	631171	982482445	66	1556.6	426609	379	745	1598	0	3124	13996	70	46	13.64	45.05	0
/data1/users/siyangming/eccDNA/Triticum_aestivum/ERR6326021.fastq.gz	FASTQ	DNA	85068	179685981	90	2112.3	53532	404	978	2469	0	4551	6130	42	12	9.87	46.34	0
/data1/users/siyangming/eccDNA/Triticum_aestivum/ERR12724353.fastq.gz	FASTQ	DNA	547514	1155561406	65	2110.6	119854	437	936	2241	0	4718	15461	71	47	14.10	45.11	0
/data1/users/siyangming/eccDNA/Triticum_aestivum/ERR12724356.fastq.gz	FASTQ	DNA	649372	988977999	73	1523.0	442215	370	714	1528	0	3064	14523	70	47	13.69	44.98	0
/data1/users/siyangming/eccDNA/Triticum_aestivum/ERR12724389.fastq.gz	FASTQ	DNA	285438	745460785	70	2611.6	180874	395	858	2245	0	8226	13134	71	46	14.37	44.74	0
/data1/users/siyangming/eccDNA/Triticum_aestivum/ERR12724357.fastq.gz	FASTQ	DNA	684725	1070124025	69	1562.9	111098	357	701	1518	0	3380	15386	70	47	13.79	44.30	0
/data1/users/siyangming/eccDNA/Triticum_aestivum/ERR12724362.fastq.gz	FASTQ	DNA	445344	785258421	72	1763.3	182164	424	801	1708	0	3759	13767	70	47	13.90	44.07	0
/data1/users/siyangming/eccDNA/Triticum_aestivum/ERR12724358.fastq.gz	FASTQ	DNA	521959	963363538	67	1845.7	117204	421	853	1918	0	3892	14322	71	47	13.91	44.47	0
/data1/users/siyangming/eccDNA/Triticum_aestivum/ERR12724360.fastq.gz	FASTQ	DNA	831249	1117284300	70	1344.1	127401	338	629	1299	0	2666	15404	69	46	13.52	44.20	0
/data1/users/siyangming/eccDNA/Triticum_aestivum/ERR12724364.fastq.gz	FASTQ	DNA	541185	764109860	77	1411.9	156754	397	737	1502	0	2538	11782	70	48	13.66	44.67	0
/data1/users/siyangming/eccDNA/Triticum_aestivum/ERR6326020.fastq.gz	FASTQ	DNA	154105	430691964	123	2794.8	64290	543	1364	3354	0	5862	9713	42	12	9.87	47.46	0
/data1/users/siyangming/eccDNA/Triticum_aestivum/ERR12724359.fastq.gz	FASTQ	DNA	810671	1383414115	69	1706.5	108109	392	790	1792	0	3591	15864	71	47	13.92	44.62	0
/data1/users/siyangming/eccDNA/Triticum_aestivum/ERR12724363.fastq.gz	FASTQ	DNA	731352	1162536698	74	1589.6	155051	409	766	1610	0	3176	14993	71	48	13.90	44.41	0
/data1/users/siyangming/eccDNA/Triticum_aestivum/ERR12724368.fastq.gz	FASTQ	DNA	472923	897698256	63	1898.2	123531	435	881	1995	0	4035	13841	70	47	13.85	46.14	0
/data1/users/siyangming/eccDNA/Triticum_aestivum/ERR12724376.fastq.gz	FASTQ	DNA	363050	873210609	67	2405.2	149522	377	799	2064	0	7316	14700	69	45	14.14	44.69	0
/data1/users/siyangming/eccDNA/Triticum_aestivum/ERR12724372.fastq.gz	FASTQ	DNA	482395	972198775	67	2015.4	128030	382	805	2007	0	4984	14749	71	47	14.14	44.19	0
/data1/users/siyangming/eccDNA/Triticum_aestivum/ERR12724378.fastq.gz	FASTQ	DNA	482500	1122459765	69	2326.3	148017	424	845	2010	0	6602	17030	71	47	14.32	45.26	0
/data1/users/siyangming/eccDNA/Triticum_aestivum/ERR12724375.fastq.gz	FASTQ	DNA	517406	1325053299	68	2561.0	141032	436	931	2407	0	7121	17672	71	47	14.33	45.86	0
/data1/users/siyangming/eccDNA/Triticum_aestivum/ERR12724388.fastq.gz	FASTQ	DNA	411108	1083190382	66	2634.8	186152	382	824	2180	0	8804	16086	70	45	14.34	44.50	0
/data1/users/siyangming/eccDNA/Triticum_aestivum/ERR12724678_1.fastq.gz	FASTQ	DNA	29723290	4458493500	150	150.0	150	150	150	150	0	150	1	98	94	26.62	54.88	199379
/data1/users/siyangming/eccDNA/Triticum_aestivum/ERR12724678_2.fastq.gz	FASTQ	DNA	29723290	4458493500	150	150.0	150	150	150	150	0	150	1	97	92	25.65	56.05	35377
/data1/users/siyangming/eccDNA/Triticum_aestivum/ERR6326084_1.fastq.gz	FASTQ	DNA	4098054	1028611554	251	251.0	251	251	251	251	0	251	1	94	87	22.87	45.19	72227
/data1/users/siyangming/eccDNA/Triticum_aestivum/ERR6326084_2.fastq.gz	FASTQ	DNA	4098054	1028611554	251	251.0	251	251	251	251	0	251	1	93	85	22.02	45.71	55869
/data1/users/siyangming/eccDNA/Triticum_aestivum/ERR12724677_1.fastq.gz	FASTQ	DNA	31177528	4676629200	150	150.0	150	150	150	150	0	150	1	98	94	26.68	55.25	173036
/data1/users/siyangming/eccDNA/Triticum_aestivum/ERR12724677_2.fastq.gz	FASTQ	DNA	31177528	4676629200	150	150.0	150	150	150	150	0	150	1	97	93	26.35	55.86	32151
/data1/users/siyangming/eccDNA/Triticum_aestivum/ERR12724681_1.fastq.gz	FASTQ	DNA	31106719	4666007850	150	150.0	150	150	150	150	0	150	1	98	94	26.57	52.66	224308
/data1/users/siyangming/eccDNA/Triticum_aestivum/ERR12724681_2.fastq.gz	FASTQ	DNA	31106719	4666007850	150	150.0	150	150	150	150	0	150	1	97	92	25.55	53.71	26592
/data1/users/siyangming/eccDNA/Triticum_aestivum/ERR12724679_1.fastq.gz	FASTQ	DNA	32485277	4872791550	150	150.0	150	150	150	150	0	150	1	98	94	26.74	54.79	214823
/data1/users/siyangming/eccDNA/Triticum_aestivum/ERR12724680_1.fastq.gz	FASTQ	DNA	31999950	4799992500	150	150.0	150	150	150	150	0	150	1	98	94	26.75	53.29	224404
/data1/users/siyangming/eccDNA/Triticum_aestivum/ERR12724679_2.fastq.gz	FASTQ	DNA	32485277	4872791550	150	150.0	150	150	150	150	0	150	1	97	93	25.78	55.94	34087
/data1/users/siyangming/eccDNA/Triticum_aestivum/ERR12724680_2.fastq.gz	FASTQ	DNA	31999950	4799992500	150	150.0	150	150	150	150	0	150	1	97	92	25.61	54.28	31691
/data1/users/siyangming/eccDNA/Triticum_aestivum/ERR6326085_1.fastq.gz	FASTQ	DNA	4192164	1052233164	251	251.0	251	251	251	251	0	251	1	94	88	22.99	45.66	75314
/data1/users/siyangming/eccDNA/Triticum_aestivum/ERR6326085_2.fastq.gz	FASTQ	DNA	4192164	1052233164	251	251.0	251	251	251	251	0	251	1	93	85	22.10	46.14	57137
/data1/users/siyangming/eccDNA/Triticum_aestivum/ERR12724682_1.fastq.gz	FASTQ	DNA	30880188	4632028200	150	150.0	150	150	150	150	0	150	1	98	94	26.61	53.36	205245
/data1/users/siyangming/eccDNA/Triticum_aestivum/ERR12724682_2.fastq.gz	FASTQ	DNA	30880188	4632028200	150	150.0	150	150	150	150	0	150	1	97	92	25.49	54.37	37163
/data1/users/siyangming/eccDNA/Triticum_aestivum/ERR12724367.fastq.gz	FASTQ	DNA	476490	639080669	65	1341.2	120831	380	701	1412	0	2377	11148	70	47	13.47	44.49	0
/data1/users/siyangming/eccDNA/Triticum_aestivum/ERR12724361.fastq.gz	FASTQ	DNA	802692	1185940152	69	1477.5	168173	366	685	1452	0	3021	15574	71	48	13.84	44.08	0
/data1/users/siyangming/eccDNA/Triticum_aestivum/ERR12724365.fastq.gz	FASTQ	DNA	622269	837212828	71	1345.4	190274	370	685	1417	0	2471	12290	70	48	13.60	44.90	0
/data1/users/siyangming/eccDNA/Triticum_aestivum/ERR12724380.fastq.gz	FASTQ	DNA	710265	1391822265	72	1959.6	216699	384	748	1659	0	5255	19359	71	47	14.04	45.07	0
/data1/users/siyangming/eccDNA/Triticum_aestivum/ERR12724371.fastq.gz	FASTQ	DNA	430478	809775978	72	1881.1	98251	342	769	2053	0	4436	12860	67	42	13.53	43.92	0
/data1/users/siyangming/eccDNA/Triticum_aestivum/ERR12724377.fastq.gz	FASTQ	DNA	402779	981651561	73	2437.2	199704	455	946	2236	0	6329	15754	71	46	14.25	44.64	0
/data1/users/siyangming/eccDNA/Triticum_aestivum/ERR12724373.fastq.gz	FASTQ	DNA	630732	897078523	75	1422.3	94132	366	689	1433	0	2771	13496	70	47	13.66	44.51	0
/data1/users/siyangming/eccDNA/Triticum_aestivum/ERR12724397.fastq.gz	FASTQ	DNA	343335	542835544	68	1581.1	141092	384	698	1428	0	3369	11726	70	46	13.74	44.25	0
/data1/users/siyangming/eccDNA/Triticum_aestivum/ERR12724381.fastq.gz	FASTQ	DNA	572476	1135968675	64	1984.3	159215	404	783	1752	0	5036	17251	71	47	14.12	44.87	0
/data1/users/siyangming/eccDNA/Triticum_aestivum/ERR12724386.fastq.gz	FASTQ	DNA	631296	1242197695	69	1967.7	184482	387	762	1736	0	5072	18118	69	45	13.94	44.89	0
/data1/users/siyangming/eccDNA/Triticum_aestivum/ERR12724412.fastq.gz	FASTQ	DNA	1264616	2405000493	81	1901.8	154337	542	975	2040	0	3525	18681	81	64	16.03	45.40	0
/data1/users/siyangming/eccDNA/Triticum_aestivum/ERR12724393.fastq.gz	FASTQ	DNA	378647	795877350	77	2101.9	166140	441	858	1928	0	5089	14243	71	47	14.15	45.15	0
/data1/users/siyangming/eccDNA/Triticum_aestivum/ERR12724395.fastq.gz	FASTQ	DNA	524713	1018753143	74	1941.5	162700	402	768	1715	0	4885	16246	70	46	14.03	44.79	0
/data1/users/siyangming/eccDNA/Triticum_aestivum/ERR12724413.fastq.gz	FASTQ	DNA	1279807	2158262145	71	1686.4	157536	501	857	1732	0	3126	17851	81	63	15.82	44.93	0
/data1/users/siyangming/eccDNA/Triticum_aestivum/ERR12724396.fastq.gz	FASTQ	DNA	547707	1046842359	68	1911.3	152242	361	711	1636	0	5199	16720	70	46	13.93	45.13	0
/data1/users/siyangming/eccDNA/Triticum_aestivum/ERR12724390.fastq.gz	FASTQ	DNA	666140	2126028977	78	3191.6	212715	475	1105	3262	0	8833	21537	71	46	14.56	45.80	0
/data1/users/siyangming/eccDNA/Triticum_aestivum/ERR12724392.fastq.gz	FASTQ	DNA	661981	2040817354	75	3082.9	153529	465	1008	2752	0	9462	22258	72	47	14.59	45.76	0
/data1/users/siyangming/eccDNA/Triticum_aestivum/ERR12724391.fastq.gz	FASTQ	DNA	727547	1798907083	75	2472.6	254018	471	960	2331	0	6374	20651	71	47	14.39	45.57	0
/data1/users/siyangming/eccDNA/Triticum_aestivum/ERR12724398.fastq.gz	FASTQ	DNA	563309	1246809934	71	2213.4	158245	418	815	1901	0	6133	18101	71	47	14.23	44.99	0
/data1/users/siyangming/eccDNA/Triticum_aestivum/ERR12724401.fastq.gz	FASTQ	DNA	408122	587965125	73	1440.7	123822	396	704	1392	0	2702	11598	70	47	13.69	44.33	0
/data1/users/siyangming/eccDNA/Triticum_aestivum/ERR12724400.fastq.gz	FASTQ	DNA	545559	1201774867	64	2202.8	388988	456	911	2105	0	5272	17067	70	45	14.04	46.18	0
/data1/users/siyangming/eccDNA/Triticum_aestivum/ERR12724408.fastq.gz	FASTQ	DNA	1808772	3444973566	63	1904.6	140761	521	950	2063	0	3672	20362	81	64	16.06	44.64	0
/data1/users/siyangming/eccDNA/Triticum_aestivum/ERR12724399.fastq.gz	FASTQ	DNA	695010	1656903941	65	2384.0	235683	402	852	2180	0	6733	19820	71	47	14.30	45.25	0
/data1/users/siyangming/eccDNA/Triticum_aestivum/ERR12724405.fastq.gz	FASTQ	DNA	468728	1006961700	67	2148.3	189787	368	725	1729	0	6758	16204	70	46	14.12	44.71	0
/data1/users/siyangming/eccDNA/Triticum_aestivum/ERR12724402.fastq.gz	FASTQ	DNA	595581	956551796	73	1606.1	165651	370	688	1445	0	3607	15487	70	46	13.82	44.54	0
/data1/users/siyangming/eccDNA/Triticum_aestivum/ERR12724407.fastq.gz	FASTQ	DNA	558175	1584014704	72	2837.8	222151	456	984	2687	0	8044	19276	71	47	14.49	45.29	0
/data1/users/siyangming/eccDNA/Triticum_aestivum/ERR12724411.fastq.gz	FASTQ	DNA	1497079	2654790797	59	1773.3	140398	524	941	1966	0	3177	17761	81	64	16.04	44.41	0
/data1/users/siyangming/eccDNA/Triticum_aestivum/ERR12724409.fastq.gz	FASTQ	DNA	1779240	3108501292	79	1747.1	133378	498	879	1818	0	3291	20301	82	64	16.02	44.66	0
/data1/users/siyangming/eccDNA/Arabidopsis_thaliana/SRR24335745_2.fastq.gz	FASTQ	DNA	1506958	262660855	35	174.3	251	106	184	250	0	250	2	85	80	22.14	41.43	213920
/data1/users/siyangming/eccDNA/Arabidopsis_thaliana/ERR1830498_1.fastq.gz	FASTQ	DNA	37043	6806530	35	183.7	251	119	205	251	0	250	2	79	72	21.08	40.15	2734
/data1/users/siyangming/eccDNA/Arabidopsis_thaliana/ERR1830498_2.fastq.gz	FASTQ	DNA	37043	6958721	35	187.9	251	127	213	251	0	250	2	76	70	20.52	40.94	2153
/data1/users/siyangming/eccDNA/Arabidopsis_thaliana/ERR1830499_1.fastq.gz	FASTQ	DNA	85455	18492151	35	216.4	251	191	250	251	0	251	1	77	70	20.79	40.36	3010
/data1/users/siyangming/eccDNA/Arabidopsis_thaliana/ERR1830499_2.fastq.gz	FASTQ	DNA	85455	18565367	35	217.3	251	191	250	251	0	251	1	78	72	20.84	41.01	2005
/data1/users/siyangming/eccDNA/Arabidopsis_thaliana/ERR1830500_1.fastq.gz	FASTQ	DNA	207641	28730091	35	138.4	251	81	120	192	0	171	81	84	79	22.14	40.50	14813
/data1/users/siyangming/eccDNA/Arabidopsis_thaliana/ERR1830500_2.fastq.gz	FASTQ	DNA	207641	28987549	35	139.6	251	82	122	195	0	173	79	83	79	21.81	41.05	14426
/data1/users/siyangming/eccDNA/Arabidopsis_thaliana/SRR24335764.fastq.gz	FASTQ	DNA	241650	1037819415	198	4294.7	25663	1911	3391	6449	0	6419	6677	18	0	10.02	40.51	0
/data1/users/siyangming/eccDNA/Arabidopsis_thaliana/ERR1830501_1.fastq.gz	FASTQ	DNA	293959	56576835	35	192.5	251	132	237	251	0	250	2	81	74	21.49	40.31	5585
/data1/users/siyangming/eccDNA/Arabidopsis_thaliana/ERR1830501_2.fastq.gz	FASTQ	DNA	293959	56317514	35	191.6	251	132	225	251	0	250	2	82	76	21.56	40.78	6131
/data1/users/siyangming/eccDNA/Arabidopsis_thaliana/SRR10163235_2.fastq.gz	FASTQ	DNA	28314195	4247129250	150	150.0	150	150	150	150	0	150	1	95	89	23.82	43.14	93357
/data1/users/siyangming/eccDNA/Arabidopsis_thaliana/SRR24335753.fastq.gz	FASTQ	DNA	250391	2232691891	12	8916.8	116739	2780	5900	12388	0	15105	20011	53	24	11.28	37.20	0
/data1/users/siyangming/eccDNA/Arabidopsis_thaliana/ERR1830502_1.fastq.gz	FASTQ	DNA	970819	168606987	35	173.7	251	110	176	250	0	248	4	90	86	23.78	44.05	57617
/data1/users/siyangming/eccDNA/Arabidopsis_thaliana/ERR1830502_2.fastq.gz	FASTQ	DNA	970819	174391158	35	179.6	251	114	191	251	0	250	2	76	69	20.25	44.85	63257
/data1/users/siyangming/eccDNA/Arabidopsis_thaliana/ERR1830504_1.fastq.gz	FASTQ	DNA	857780	141151084	35	164.6	251	99	160	250	0	229	23	90	87	23.83	43.77	73273
/data1/users/siyangming/eccDNA/Arabidopsis_thaliana/ERR1830504_2.fastq.gz	FASTQ	DNA	857780	148296353	35	172.9	251	103	177	251	0	250	2	73	66	19.80	44.67	74557
/data1/users/siyangming/eccDNA/Arabidopsis_thaliana/ERR1830503_1.fastq.gz	FASTQ	DNA	2006406	314682653	35	156.8	251	87	150	249	0	224	28	95	93	25.30	43.72	589309
/data1/users/siyangming/eccDNA/Arabidopsis_thaliana/ERR1830503_2.fastq.gz	FASTQ	DNA	2006406	314796258	35	156.9	251	87	150	250	0	224	28	91	88	23.47	43.77	586262
/data1/users/siyangming/eccDNA/Arabidopsis_thaliana/ERR1830506_1.fastq.gz	FASTQ	DNA	1377010	198782307	35	144.4	251	83	130	212	0	186	66	90	86	23.36	42.41	221187
/data1/users/siyangming/eccDNA/Arabidopsis_thaliana/ERR1830506_2.fastq.gz	FASTQ	DNA	1377010	210048109	35	152.5	251	86	138	250	0	219	33	75	69	20.00	43.33	215868
/data1/users/siyangming/eccDNA/Arabidopsis_thaliana/ERR1830507_1.fastq.gz	FASTQ	DNA	1091890	143711435	35	131.6	251	73	116	184	0	168	84	94	92	24.26	43.62	345067
/data1/users/siyangming/eccDNA/Arabidopsis_thaliana/ERR1830507_2.fastq.gz	FASTQ	DNA	1091890	144069399	35	131.9	251	73	116	185	0	169	83	91	89	23.35	43.73	344575
/data1/users/siyangming/eccDNA/Arabidopsis_thaliana/ERR1830505_1.fastq.gz	FASTQ	DNA	1474492	240662102	35	163.2	251	95	158	250	0	242	10	88	84	22.82	43.90	219870
/data1/users/siyangming/eccDNA/Arabidopsis_thaliana/ERR1830505_2.fastq.gz	FASTQ	DNA	1474492	250373174	35	169.8	251	98	172	251	0	250	2	73	66	19.67	44.84	217707
/data1/users/siyangming/eccDNA/Arabidopsis_thaliana/ERR1830508_1.fastq.gz	FASTQ	DNA	656794	104176543	35	158.6	251	89	154	250	0	224	28	94	92	25.31	42.43	130935
/data1/users/siyangming/eccDNA/Arabidopsis_thaliana/ERR1830508_2.fastq.gz	FASTQ	DNA	656794	104217638	35	158.7	251	89	153	250	0	225	27	91	88	23.69	42.52	130620
/data1/users/siyangming/eccDNA/Arabidopsis_thaliana/ERR6326000_1.fastq.gz	FASTQ	DNA	337345	84673595	251	251.0	251	251	251	251	0	251	1	87	84	23.07	38.61	163
/data1/users/siyangming/eccDNA/Arabidopsis_thaliana/ERR6326000_2.fastq.gz	FASTQ	DNA	337345	84673595	251	251.0	251	251	251	251	0	251	1	76	70	20.41	40.48	1176
/data1/users/siyangming/eccDNA/Arabidopsis_thaliana/ERR6326076_1.fastq.gz	FASTQ	DNA	279299	70104049	251	251.0	251	251	251	251	0	251	1	88	85	23.54	39.28	165
/data1/users/siyangming/eccDNA/Arabidopsis_thaliana/ERR6326076_2.fastq.gz	FASTQ	DNA	279299	70104049	251	251.0	251	251	251	251	0	251	1	76	70	20.43	40.88	985
/data1/users/siyangming/eccDNA/Arabidopsis_thaliana/ERR6326075_1.fastq.gz	FASTQ	DNA	461754	115900254	251	251.0	251	251	251	251	0	251	1	85	81	22.51	38.38	148
/data1/users/siyangming/eccDNA/Arabidopsis_thaliana/ERR6326075_2.fastq.gz	FASTQ	DNA	461754	115900254	251	251.0	251	251	251	251	0	251	1	76	70	20.29	40.08	1169
/data1/users/siyangming/eccDNA/Arabidopsis_thaliana/ERR6559223_1.fastq.gz	FASTQ	DNA	337345	84673595	251	251.0	251	251	251	251	0	251	1	87	84	23.07	38.61	163
/data1/users/siyangming/eccDNA/Arabidopsis_thaliana/ERR6559223_2.fastq.gz	FASTQ	DNA	337345	84673595	251	251.0	251	251	251	251	0	251	1	76	70	20.41	40.48	1176
/data1/users/siyangming/eccDNA/Arabidopsis_thaliana/ERR6326077_1.fastq.gz	FASTQ	DNA	661934	166145434	251	251.0	251	251	251	251	0	251	1	83	79	22.02	37.85	158
/data1/users/siyangming/eccDNA/Arabidopsis_thaliana/ERR6326077_2.fastq.gz	FASTQ	DNA	661934	166145434	251	251.0	251	251	251	251	0	251	1	75	68	20.06	39.94	1548
/data1/users/siyangming/eccDNA/Arabidopsis_thaliana/SRR24335754.fastq.gz	FASTQ	DNA	1495344	11726930290	28	7842.3	171977	954	2833	9493	0	21853	40333	47	12	11.54	37.50	0
/data1/users/siyangming/eccDNA/Arabidopsis_thaliana/ERR9968613_1.fastq.gz	FASTQ	DNA	1630989	271610036	35	166.5	251	97	169	250	0	243	9	94	91	25.26	39.54	278041
/data1/users/siyangming/eccDNA/Arabidopsis_thaliana/ERR9968691_1.fastq.gz	FASTQ	DNA	1250101	221607075	35	177.3	251	109	192	251	0	250	2	93	90	24.82	40.76	173605
/data1/users/siyangming/eccDNA/Arabidopsis_thaliana/ERR9968691_2.fastq.gz	FASTQ	DNA	1250101	221921617	35	177.5	251	109	192	251	0	250	2	88	83	22.83	41.00	172483
/data1/users/siyangming/eccDNA/Arabidopsis_thaliana/ERR9968613_2.fastq.gz	FASTQ	DNA	1630989	273071629	35	167.4	251	97	170	250	0	249	3	86	82	22.54	39.84	276395
/data1/users/siyangming/eccDNA/Arabidopsis_thaliana/SRR24335758.fastq.gz	FASTQ	DNA	3701523	9994980816	92	2700.2	93955	607	1303	3053	0	5586	29074	59	22	11.91	38.06	0
/data1/users/siyangming/eccDNA/Arabidopsis_thaliana/ERR9968690_1.fastq.gz	FASTQ	DNA	1302090	229699517	35	176.4	251	108	191	251	0	249	3	94	92	25.56	42.36	208744
/data1/users/siyangming/eccDNA/Arabidopsis_thaliana/ERR9968690_2.fastq.gz	FASTQ	DNA	1302090	232197834	35	178.3	251	108	197	251	0	250	2	80	74	21.04	42.88	204731
/data1/users/siyangming/eccDNA/Arabidopsis_thaliana/ERR9968689_1.fastq.gz	FASTQ	DNA	1591273	277676663	35	174.5	251	106	185	251	0	249	3	94	92	26.04	40.52	166516
/data1/users/siyangming/eccDNA/Arabidopsis_thaliana/ERR9968689_2.fastq.gz	FASTQ	DNA	1591273	279030581	35	175.4	251	107	187	250	0	250	2	85	81	22.40	40.85	164902
/data1/users/siyangming/eccDNA/Arabidopsis_thaliana/ERR9968692_1.fastq.gz	FASTQ	DNA	1506958	260909418	35	173.1	251	105	182	250	0	249	3	93	91	25.31	41.12	215862
/data1/users/siyangming/eccDNA/Arabidopsis_thaliana/ERR9968692_2.fastq.gz	FASTQ	DNA	1506958	262660855	35	174.3	251	106	184	250	0	250	2	85	80	22.14	41.43	213920
/data1/users/siyangming/eccDNA/Arabidopsis_thaliana/ERR9968693_1.fastq.gz	FASTQ	DNA	1571665	269007824	35	171.2	251	103	178	250	0	246	6	94	92	25.52	40.66	222974
/data1/users/siyangming/eccDNA/Arabidopsis_thaliana/ERR9968693_2.fastq.gz	FASTQ	DNA	1571665	270810752	35	172.3	251	104	179	250	0	249	3	84	80	22.13	40.96	220990
/data1/users/siyangming/eccDNA/Arabidopsis_thaliana/SRR24335749.fastq.gz	FASTQ	DNA	841554	8697502701	106	10335.1	156380	2997	6711	14705	0	18362	32142	62	19	12.81	37.52	0
/data1/users/siyangming/eccDNA/Arabidopsis_thaliana/SRR10163231_1.fastq.gz	FASTQ	DNA	23742770	3561415500	150	150.0	150	150	150	150	0	150	1	98	93	26.61	45.42	139790
/data1/users/siyangming/eccDNA/Arabidopsis_thaliana/SRR10163231_2.fastq.gz	FASTQ	DNA	23742770	3561415500	150	150.0	150	150	150	150	0	150	1	97	91	25.33	45.41	10406
/data1/users/siyangming/eccDNA/Arabidopsis_thaliana/SRR10163233_1.fastq.gz	FASTQ	DNA	21908105	3286215750	150	150.0	150	150	150	150	0	150	1	96	91	24.67	49.22	130516
/data1/users/siyangming/eccDNA/Arabidopsis_thaliana/SRR10163233_2.fastq.gz	FASTQ	DNA	21908105	3286215750	150	150.0	150	150	150	150	0	150	1	95	89	23.78	49.27	8884
/data1/users/siyangming/eccDNA/Arabidopsis_thaliana/SRR10163230_1.fastq.gz	FASTQ	DNA	24530522	3679578300	150	150.0	150	150	150	150	0	150	1	95	89	23.48	44.60	142479
/data1/users/siyangming/eccDNA/Arabidopsis_thaliana/SRR10163230_2.fastq.gz	FASTQ	DNA	24530522	3679578300	150	150.0	150	150	150	150	0	150	1	94	88	23.21	44.48	10859
/data1/users/siyangming/eccDNA/Arabidopsis_thaliana/SRR10163234_1.fastq.gz	FASTQ	DNA	30692681	4603902150	150	150.0	150	150	150	150	0	150	1	95	89	23.35	62.59	26176
/data1/users/siyangming/eccDNA/Arabidopsis_thaliana/SRR10163234_2.fastq.gz	FASTQ	DNA	30692681	4603902150	150	150.0	150	150	150	150	0	150	1	94	88	23.00	62.67	98367
/data1/users/siyangming/eccDNA/Arabidopsis_thaliana/SRR10163228_1.fastq.gz	FASTQ	DNA	26556675	3983501250	150	150.0	150	150	150	150	0	150	1	98	93	26.48	45.41	21756
/data1/users/siyangming/eccDNA/Arabidopsis_thaliana/SRR10163232_1.fastq.gz	FASTQ	DNA	28928368	4339255200	150	150.0	150	150	150	150	0	150	1	98	94	26.97	47.14	169333
/data1/users/siyangming/eccDNA/Arabidopsis_thaliana/SRR10163228_2.fastq.gz	FASTQ	DNA	26556675	3983501250	150	150.0	150	150	150	150	0	150	1	97	92	25.46	45.43	87024
/data1/users/siyangming/eccDNA/Arabidopsis_thaliana/SRR10163232_2.fastq.gz	FASTQ	DNA	28928368	4339255200	150	150.0	150	150	150	150	0	150	1	97	92	25.54	47.13	12148
/data1/users/siyangming/eccDNA/Arabidopsis_thaliana/SRR10163238_1.fastq.gz	FASTQ	DNA	31369770	4705465500	150	150.0	150	150	150	150	0	150	1	97	93	26.05	43.07	186993
/data1/users/siyangming/eccDNA/Arabidopsis_thaliana/SRR24335743_1.fastq.gz	FASTQ	DNA	650802	130971879	35	201.2	301	113	211	301	0	299	3	98	96	26.84	40.43	142164
/data1/users/siyangming/eccDNA/Arabidopsis_thaliana/SRR24335743_2.fastq.gz	FASTQ	DNA	650802	131072623	35	201.4	301	112	209	301	0	300	2	91	83	19.96	40.65	142797
/data1/users/siyangming/eccDNA/Arabidopsis_thaliana/SRR10163229_1.fastq.gz	FASTQ	DNA	30177190	4526578500	150	150.0	150	150	150	150	0	150	1	97	93	25.95	47.58	26428
/data1/users/siyangming/eccDNA/Arabidopsis_thaliana/SRR10163229_2.fastq.gz	FASTQ	DNA	30177190	4526578500	150	150.0	150	150	150	150	0	150	1	97	91	25.09	47.62	99550
/data1/users/siyangming/eccDNA/Arabidopsis_thaliana/SRR24335744_1.fastq.gz	FASTQ	DNA	1571665	269007824	35	171.2	251	103	178	250	0	246	6	94	92	25.52	40.66	222974
/data1/users/siyangming/eccDNA/Arabidopsis_thaliana/SRR24335744_2.fastq.gz	FASTQ	DNA	1571665	270810752	35	172.3	251	104	179	250	0	249	3	84	80	22.13	40.96	220990
/data1/users/siyangming/eccDNA/Arabidopsis_thaliana/SRR24335745_1.fastq.gz	FASTQ	DNA	1506958	260909418	35	173.1	251	105	182	250	0	249	3	93	91	25.31	41.12	215862
/data1/users/siyangming/eccDNA/Arabidopsis_thaliana/SRR24335746_1.fastq.gz	FASTQ	DNA	719988	126842464	35	176.2	301	89	163	296	0	262	40	98	96	25.54	39.04	218393
/data1/users/siyangming/eccDNA/Arabidopsis_thaliana/SRR24335746_2.fastq.gz	FASTQ	DNA	719988	127574373	35	177.2	301	89	163	300	0	273	29	91	85	19.95	39.24	220531
/data1/users/siyangming/eccDNA/Arabidopsis_thaliana/SRR24335747_1.fastq.gz	FASTQ	DNA	1302090	229699517	35	176.4	251	108	191	251	0	249	3	94	92	25.56	42.36	208744
/data1/users/siyangming/eccDNA/Arabidopsis_thaliana/SRR24335747_2.fastq.gz	FASTQ	DNA	1302090	232197834	35	178.3	251	108	197	251	0	250	2	80	74	21.04	42.88	204731
/data1/users/siyangming/eccDNA/Arabidopsis_thaliana/SRR24335748_1.fastq.gz	FASTQ	DNA	1275680	208538803	35	163.5	301	85	146	245	0	225	77	99	97	26.54	40.05	354020
/data1/users/siyangming/eccDNA/Arabidopsis_thaliana/SRR24335748_2.fastq.gz	FASTQ	DNA	1275680	210280926	35	164.8	301	85	146	249	0	228	74	93	87	20.78	40.27	354701
/data1/users/siyangming/eccDNA/Arabidopsis_thaliana/SRR24335757.fastq.gz	FASTQ	DNA	1943791	6868559655	95	3533.6	543035	558	1232	3544	0	10402	35271	45	11	11.10	38.72	0
/data1/users/siyangming/eccDNA/Arabidopsis_thaliana/SRR24335755.fastq.gz	FASTQ	DNA	2369096	5274547119	31	2226.4	502062	682	1401	2906	0	3587	18092	54	15	12.13	37.34	0
/data1/users/siyangming/eccDNA/Arabidopsis_thaliana/SRR24335752_1.fastq.gz	FASTQ	DNA	1591273	277676663	35	174.5	251	106	185	251	0	249	3	94	92	26.04	40.52	166516
/data1/users/siyangming/eccDNA/Arabidopsis_thaliana/SRR24335752_2.fastq.gz	FASTQ	DNA	1591273	279030581	35	175.4	251	107	187	250	0	250	2	85	81	22.40	40.85	164902
/data1/users/siyangming/eccDNA/Arabidopsis_thaliana/SRR24335759.fastq.gz	FASTQ	DNA	3888097	6900061407	81	1774.7	85819	560	1020	2040	0	3008	20142	61	25	12.05	38.15	0
/data1/users/siyangming/eccDNA/Arabidopsis_thaliana/SRR10163235_1.fastq.gz	FASTQ	DNA	28314195	4247129250	150	150.0	150	150	150	150	0	150	1	96	91	24.78	43.00	23885
/data1/users/siyangming/eccDNA/Arabidopsis_thaliana/SRR24335760.fastq.gz	FASTQ	DNA	1676749	12386912002	94	7387.5	85466	4298	7338	9853	0	9346	20921	16	0	9.46	38.55	0
/data1/users/siyangming/eccDNA/Arabidopsis_thaliana/SRR10163237_1.fastq.gz	FASTQ	DNA	30748624	4612293600	150	150.0	150	150	150	150	0	150	1	95	90	23.81	61.19	25642
/data1/users/siyangming/eccDNA/Arabidopsis_thaliana/SRR10163237_2.fastq.gz	FASTQ	DNA	30748624	4612293600	150	150.0	150	150	150	150	0	150	1	95	89	23.41	61.20	97824
/data1/users/siyangming/eccDNA/Arabidopsis_thaliana/SRR24335763_1.fastq.gz	FASTQ	DNA	582359	117597008	35	201.9	301	113	213	301	0	299	3	98	95	25.44	38.77	120059
/data1/users/siyangming/eccDNA/Arabidopsis_thaliana/SRR24335763_2.fastq.gz	FASTQ	DNA	582359	117446875	35	201.7	301	112	210	301	0	300	2	90	82	19.43	38.96	121799
/data1/users/siyangming/eccDNA/Arabidopsis_thaliana/SRR10163236_1.fastq.gz	FASTQ	DNA	31949919	4792487850	150	150.0	150	150	150	150	0	150	1	96	91	24.42	61.05	26631
/data1/users/siyangming/eccDNA/Arabidopsis_thaliana/SRR24335766_1.fastq.gz	FASTQ	DNA	708414	133913153	35	189.0	301	98	186	300	0	294	8	97	95	25.08	38.79	182137
/data1/users/siyangming/eccDNA/Arabidopsis_thaliana/SRR24335766_2.fastq.gz	FASTQ	DNA	708414	134221886	35	189.5	301	98	185	301	0	299	3	87	80	18.60	39.03	182741
/data1/users/siyangming/eccDNA/Arabidopsis_thaliana/SRR10163236_2.fastq.gz	FASTQ	DNA	31949919	4792487850	150	150.0	150	150	150	150	0	150	1	95	89	23.57	61.10	102470
/data1/users/siyangming/eccDNA/Arabidopsis_thaliana/SRR24335767_1.fastq.gz	FASTQ	DNA	927130	172857318	35	186.4	301	97	181	300	0	287	15	98	95	25.42	38.84	231454
/data1/users/siyangming/eccDNA/Arabidopsis_thaliana/SRR24335767_2.fastq.gz	FASTQ	DNA	927130	173445579	35	187.1	301	97	180	300	0	299	3	89	81	19.11	39.08	233046
/data1/users/siyangming/eccDNA/Arabidopsis_thaliana/SRR24335770_1.fastq.gz	FASTQ	DNA	1122052	192740267	35	171.8	301	86	155	284	0	254	48	98	96	25.54	38.51	355990
/data1/users/siyangming/eccDNA/Arabidopsis_thaliana/SRR24335770_2.fastq.gz	FASTQ	DNA	1122052	193786000	35	172.7	301	86	155	299	0	260	42	92	85	20.14	38.67	358892
/data1/users/siyangming/eccDNA/Arabidopsis_thaliana/SRR24335774_1.fastq.gz	FASTQ	DNA	436085	88426770	35	202.8	251	155	250	251	0	251	1	96	92	24.86	38.10	40425
/data1/users/siyangming/eccDNA/Arabidopsis_thaliana/SRR24335774_2.fastq.gz	FASTQ	DNA	436085	88030022	35	201.9	251	153	250	251	0	250	2	90	82	20.47	38.05	40250
/data1/users/siyangming/eccDNA/Arabidopsis_thaliana/SRR24335772_1.fastq.gz	FASTQ	DNA	665967	137915952	35	207.1	301	120	225	301	0	300	2	98	96	27.07	39.74	114251
/data1/users/siyangming/eccDNA/Arabidopsis_thaliana/SRR24335772_2.fastq.gz	FASTQ	DNA	665967	137674330	35	206.7	301	119	221	301	0	300	2	91	84	20.22	39.94	115187
/data1/users/siyangming/eccDNA/Arabidopsis_thaliana/SRR24335773_1.fastq.gz	FASTQ	DNA	962196	194080520	35	201.7	301	114	211	301	0	299	3	98	95	25.76	37.46	169217
/data1/users/siyangming/eccDNA/Arabidopsis_thaliana/SRR24335773_2.fastq.gz	FASTQ	DNA	962196	193070746	35	200.7	301	112	205	301	0	299	3	90	82	19.52	37.70	170292
/data1/users/siyangming/eccDNA/Arabidopsis_thaliana/SRR24335768_1.fastq.gz	FASTQ	DNA	1997335	290747667	35	145.6	251	80	133	221	0	196	56	93	91	24.78	39.51	516151
/data1/users/siyangming/eccDNA/Arabidopsis_thaliana/SRR24335768_2.fastq.gz	FASTQ	DNA	1997335	291161133	35	145.8	251	81	133	222	0	196	56	89	85	23.08	39.57	514080
/data1/users/siyangming/eccDNA/Arabidopsis_thaliana/SRR24335771_1.fastq.gz	FASTQ	DNA	1250101	221607075	35	177.3	251	109	192	251	0	250	2	93	90	24.82	40.76	173605
/data1/users/siyangming/eccDNA/Arabidopsis_thaliana/SRR24335771_2.fastq.gz	FASTQ	DNA	1250101	221921617	35	177.5	251	109	192	251	0	250	2	88	83	22.83	41.00	172483
/data1/users/siyangming/eccDNA/Arabidopsis_thaliana/SRR24335775_1.fastq.gz	FASTQ	DNA	1630989	271610036	35	166.5	251	97	169	250	0	243	9	94	91	25.26	39.54	278041
/data1/users/siyangming/eccDNA/Arabidopsis_thaliana/SRR24335775_2.fastq.gz	FASTQ	DNA	1630989	273071629	35	167.4	251	97	170	250	0	249	3	86	82	22.54	39.84	276395
/data1/users/siyangming/eccDNA/Arabidopsis_thaliana/SRR10163239_1.fastq.gz	FASTQ	DNA	27744300	4161645000	150	150.0	150	150	150	150	0	150	1	98	94	26.55	48.41	161041
/data1/users/siyangming/eccDNA/Arabidopsis_thaliana/SRR10163239_2.fastq.gz	FASTQ	DNA	27744300	4161645000	150	150.0	150	150	150	150	0	150	1	97	91	25.27	48.40	11334
/data1/users/siyangming/eccDNA/Arabidopsis_thaliana/SRR10163238_2.fastq.gz	FASTQ	DNA	31369770	4705465500	150	150.0	150	150	150	150	0	150	1	96	90	24.75	43.09	13346
/data1/users/siyangming/eccDNA/Arabidopsis_thaliana/SRR24335762.fastq.gz	FASTQ	DNA	196317	900586358	69	4587.4	115134	819	2494	6029	0	9337	13368	42	10	10.87	39.03	0
/data1/users/siyangming/eccDNA/Arabidopsis_thaliana/SRR24335756.fastq.gz	FASTQ	DNA	1486947	2539184288	102	1707.6	60755	580	1098	2154	0	2709	13107	57	16	12.13	37.58	0
/data1/users/siyangming/eccDNA/Arabidopsis_thaliana/SRR24335765.fastq.gz	FASTQ	DNA	82336	187344970	66	2275.4	105727	364	979	2574	0	5326	5982	39	9	10.37	39.08	0
/data1/users/siyangming/eccDNA/Arabidopsis_thaliana/SRR24335751.fastq.gz	FASTQ	DNA	1054943	4890639526	67	4635.9	127622	660	1752	4874	0	12521	31715	45	12	11.38	37.89	0
/data1/users/siyangming/eccDNA/Arabidopsis_thaliana/SRR24335769.fastq.gz	FASTQ	DNA	5253439	775495229	35	147.6	251	81	135	229	0	202	50	92	90	24.41	39.63	1280380
/data1/users/siyangming/eccDNA/Arabidopsis_thaliana/SRR24693335.fastq.gz	FASTQ	DNA	207384	898501136	115	4332.5	103164	1220	2751	5692	0	7418	12987	50	11	11.80	34.81	0
/data1/users/siyangming/eccDNA/Arabidopsis_thaliana/SRR24335750.fastq.gz	FASTQ	DNA	410581	6042476215	104	14716.9	165397	3574	9964	21918	0	26287	29952	61	18	12.71	37.37	0
/data1/users/siyangming/eccDNA/Arabidopsis_thaliana/SRR24693334.fastq.gz	FASTQ	DNA	279293	940547215	102	3367.6	73798	844	1942	4237	0	6132	13415	48	10	11.68	37.84	0
/data1/users/siyangming/eccDNA/Arabidopsis_thaliana/SRR24693337.fastq.gz	FASTQ	DNA	67744	215923465	152	3187.3	58423	966	2073	4134	0	5260	6463	48	10	11.58	37.42	0
/data1/users/siyangming/eccDNA/Arabidopsis_thaliana/SRR24335761.fastq.gz	FASTQ	DNA	407668	3731312388	1	9152.8	133405	1072	4143	13804	0	21080	23876	52	17	10.81	37.69	0
/data1/users/siyangming/eccDNA/Arabidopsis_thaliana/SRR24693336.fastq.gz	FASTQ	DNA	138861	569351142	146	4100.2	47651	1444	3029	5448	0	6171	9952	48	10	11.44	37.09	0
/data1/users/siyangming/eccDNA/Arabidopsis_thaliana/SRR24693340.fastq.gz	FASTQ	DNA	131522	475877111	116	3618.2	46476	1204	2589	4830	0	5627	9086	49	10	11.80	37.66	0
/data1/users/siyangming/eccDNA/Arabidopsis_thaliana/SRR24693338.fastq.gz	FASTQ	DNA	239052	879761805	141	3680.2	55233	909	2341	4955	0	6450	12252	48	10	11.77	36.94	0
/data1/users/siyangming/eccDNA/Arabidopsis_thaliana/SRR24693339.fastq.gz	FASTQ	DNA	267542	908444119	107	3395.5	60004	1037	2267	4486	0	5535	11880	48	10	11.59	39.42	0
/data1/users/siyangming/eccDNA/Arabidopsis_thaliana/SRR24693342.fastq.gz	FASTQ	DNA	236853	635809493	112	2684.4	50300	861	1734	3477	0	4365	9936	49	10	11.69	37.20	0
/data1/users/siyangming/eccDNA/Arabidopsis_thaliana/SRR24693343.fastq.gz	FASTQ	DNA	179242	540365338	106	3014.7	70213	880	1860	3595	0	5001	11008	49	10	11.76	36.80	0
/data1/users/siyangming/eccDNA/Arabidopsis_thaliana/SRR24693345.fastq.gz	FASTQ	DNA	257563	613921645	109	2383.6	44802	977	1852	3149	0	3332	8055	41	7	10.83	40.88	0
/data1/users/siyangming/eccDNA/Arabidopsis_thaliana/SRR24693344.fastq.gz	FASTQ	DNA	190580	825605636	164	4332.1	53073	1429	3063	5769	0	6814	11886	49	10	11.79	37.28	0
/data1/users/siyangming/eccDNA/Arabidopsis_thaliana/SRR24693341.fastq.gz	FASTQ	DNA	490838	1237792569	130	2521.8	54107	963	1849	3319	0	3685	10394	48	10	11.66	37.81	0
/data1/users/siyangming/eccDNA/Daucus_carota/SRR13922189_1.fastq.gz	FASTQ	DNA	482978	76103259	35	157.6	251	93	153	244	0	209	43	93	90	24.91	40.07	94163
/data1/users/siyangming/eccDNA/Daucus_carota/SRR13922189_2.fastq.gz	FASTQ	DNA	482978	117769929	35	243.8	251	250	251	251	0	251	1	42	29	16.39	46.85	175860
/data1/users/siyangming/eccDNA/Daucus_carota/SRR13922191_1.fastq.gz	FASTQ	DNA	510885	81564252	35	159.7	251	94	156	249	0	215	37	92	89	24.43	43.77	96739
/data1/users/siyangming/eccDNA/Daucus_carota/SRR13922191_2.fastq.gz	FASTQ	DNA	510885	124550276	35	243.8	251	250	251	251	0	251	1	42	29	16.41	47.23	189324
/data1/users/siyangming/eccDNA/Daucus_carota/SRR13922192_1.fastq.gz	FASTQ	DNA	542411	86000627	35	158.6	251	93	154	249	0	214	38	93	91	24.82	41.85	113637
/data1/users/siyangming/eccDNA/Daucus_carota/SRR13922192_2.fastq.gz	FASTQ	DNA	542411	132231143	35	243.8	251	250	251	251	0	251	1	43	29	16.43	46.97	222105
/data1/users/siyangming/eccDNA/Daucus_carota/SRR13922190_1.fastq.gz	FASTQ	DNA	651930	104206633	35	159.8	251	93	156	249	0	220	32	93	91	24.78	41.09	135930
/data1/users/siyangming/eccDNA/Daucus_carota/SRR13922190_2.fastq.gz	FASTQ	DNA	651930	158815741	35	243.6	251	250	251	251	0	251	1	44	30	16.46	46.81	352421
/data1/users/siyangming/eccDNA/Amaranthus_palmeri/SRR16958684.fastq.gz	FASTQ	DNA	65791	474514869	53	7212.5	27125	4578	6618	9166	0	8424	7852	100	100	36.26	33.97	0
/data1/users/siyangming/eccDNA/Amaranthus_palmeri/SRR16958689.fastq.gz	FASTQ	DNA	19707	139352389	105	7071.2	25552	4511	6495	8974	0	8242	4091	100	100	36.43	34.00	0
/data1/users/siyangming/eccDNA/Amaranthus_palmeri/SRR16958687.fastq.gz	FASTQ	DNA	38313	260449198	91	6797.9	25641	4373	6277	8596	0	7887	5881	100	100	36.57	34.16	0
/data1/users/siyangming/eccDNA/Amaranthus_palmeri/SRR16958685.fastq.gz	FASTQ	DNA	64873	499489675	61	7699.5	27796	4935	7064	9757	0	8949	8069	100	100	35.99	34.09	0
/data1/users/siyangming/eccDNA/Amaranthus_palmeri/SRR16958686.fastq.gz	FASTQ	DNA	59399	421923513	69	7103.2	26711	4649	6572	8970	0	8166	7219	100	100	36.58	34.23	0
/data1/users/siyangming/eccDNA/Amaranthus_palmeri/SRR16958688.fastq.gz	FASTQ	DNA	42860	273067983	94	6371.2	25849	4070	5920	8110	0	7439	5941	100	100	36.91	34.12	0
/data1/users/siyangming/eccDNA/Amaranthus_palmeri/SRR16958692.fastq.gz	FASTQ	DNA	24156	102310390	51	4235.4	20852	2493	3933	5611	0	5243	3688	100	100	38.45	35.42	0
/data1/users/siyangming/eccDNA/Amaranthus_palmeri/SRR16958693.fastq.gz	FASTQ	DNA	24796	113610147	78	4581.8	18702	2794	4304	6046	0	5626	3771	100	100	38.17	35.80	0
/data1/users/siyangming/eccDNA/Amaranthus_palmeri/SRR16958690.fastq.gz	FASTQ	DNA	56035	387341348	79	6912.5	27477	4444	6372	8748	0	8035	7054	100	100	36.46	34.20	0
/data1/users/siyangming/eccDNA/Amaranthus_palmeri/SRR16958691.fastq.gz	FASTQ	DNA	56014	408970588	79	7301.2	28603	4651	6666	9268	0	8496	7334	100	100	36.25	33.94	0
/data1/users/siyangming/eccDNA/Amaranthus_palmeri/SRR30359586.fastq.gz	FASTQ	DNA	658100	10625231823	216	16145.3	53077	13242	15216	18137	0	16129	16208	98	94	25.40	33.72	0
/data1/users/siyangming/eccDNA/Amaranthus_palmeri/SRR30359588.fastq.gz	FASTQ	DNA	802112	11847192487	53	14770.0	46563	12112	13982	16708	0	14850	14859	98	95	25.76	33.86	0
/data1/users/siyangming/eccDNA/Amaranthus_palmeri/SRR30359585.fastq.gz	FASTQ	DNA	720086	11494697936	164	15963.0	48172	13109	15110	17991	0	16023	15819	98	95	25.48	33.69	0
/data1/users/siyangming/eccDNA/Amaranthus_palmeri/SRR30359587.fastq.gz	FASTQ	DNA	935872	14019760898	165	14980.4	46842	12626	14656	16977	0	15350	11089	98	95	25.82	33.82	0
/data1/users/siyangming/eccDNA/Amaranthus_palmeri/SRR30359584.fastq.gz	FASTQ	DNA	866742	14663872827	132	16918.4	47649	13992	16006	19000	0	16915	16483	98	94	25.28	33.76	0
/data1/users/siyangming/eccDNA/Amaranthus_palmeri/SRR30359583.fastq.gz	FASTQ	DNA	843459	14286558028	129	16938.1	50646	13932	16081	19135	0	17062	17289	98	94	25.21	33.84	0
/data1/users/siyangming/eccDNA/Alopecurus_myosuroides/SRR26069819.fastq.gz	FASTQ	DNA	72183	433468393	51	6005.1	31349	3003	5011	8008	0	7968	8337	100	100	36.88	43.24	0
/data1/users/siyangming/eccDNA/Alopecurus_myosuroides/SRR26069818.fastq.gz	FASTQ	DNA	87395	535708866	51	6129.7	31513	3118	5146	8154	0	8071	9233	100	100	36.80	43.27	0
/data1/users/siyangming/eccDNA/Alopecurus_myosuroides/SRR26069821.fastq.gz	FASTQ	DNA	70773	426183850	51	6021.8	29678	3006	5049	7999	0	7967	8377	100	100	36.88	43.31	0
/data1/users/siyangming/eccDNA/Alopecurus_myosuroides/SRR26069820.fastq.gz	FASTQ	DNA	89023	534855392	52	6008.1	31633	3065	5047	7931	0	7844	9231	100	100	36.88	43.19	0
/data1/users/siyangming/eccDNA/Alopecurus_myosuroides/SRR26069822.fastq.gz	FASTQ	DNA	92112	555821200	51	6034.2	32171	3009	5038	8058	0	8040	9307	100	100	36.82	43.24	0
/data1/users/siyangming/eccDNA/Alopecurus_myosuroides/SRR26069823.fastq.gz	FASTQ	DNA	70433	423174823	51	6008.2	32465	3082	5045	7945	0	7842	8252	100	100	36.95	43.24	0
/data1/users/siyangming/eccDNA/Alopecurus_myosuroides/SRR26069824.fastq.gz	FASTQ	DNA	80908	489771258	51	6053.4	31069	3092	5093	8012	0	7905	8817	100	100	36.87	43.25	0
/data1/users/siyangming/eccDNA/Solanum_lycopersicum/SRR28004411.fastq.gz	FASTQ	DNA	64000	180375555	134	2818.4	31311	1356	2285	3613	0	3660	5426	47	10	11.28	37.63	0
/data1/users/siyangming/eccDNA/Solanum_lycopersicum/SRR28004412.fastq.gz	FASTQ	DNA	48000	145706627	136	3035.6	40680	1497	2448	3832	0	3887	5004	47	10	11.24	38.76	0
/data1/users/siyangming/eccDNA/Solanum_lycopersicum/CRR1082978_1.fastq.gz	FASTQ	DNA	91960578	13153015854	36	143.0	150	150	150	150	0	150	1	98	95	27.99	46.93	86810
/data1/users/siyangming/eccDNA/Solanum_lycopersicum/CRR1082978_2.fastq.gz	FASTQ	DNA	91960578	13152117963	36	143.0	150	150	150	150	0	150	1	98	94	27.29	47.04	17749
/data1/users/siyangming/eccDNA/Solanum_lycopersicum/CRR924679_1.fastq.gz	FASTQ	DNA	100349090	15052363500	150	150.0	150	150	150	150	0	150	1	96	90	24.79	62.87	48518
/data1/users/siyangming/eccDNA/Solanum_lycopersicum/CRR924679_2.fastq.gz	FASTQ	DNA	100349090	15052363500	150	150.0	150	150	150	150	0	150	1	98	94	26.59	63.67	276908
/data1/users/siyangming/eccDNA/Solanum_lycopersicum/CRR924678_1.fastq.gz	FASTQ	DNA	93539733	14030959950	150	150.0	150	150	150	150	0	150	1	96	91	25.01	63.25	45111
/data1/users/siyangming/eccDNA/Solanum_lycopersicum/CRR924678_2.fastq.gz	FASTQ	DNA	93539733	14030959950	150	150.0	150	150	150	150	0	150	1	97	94	26.39	64.03	254279
/data1/users/siyangming/eccDNA/Solanum_lycopersicum/CRR1082980_1.fastq.gz	FASTQ	DNA	90067113	12927437339	36	143.5	150	150	150	150	0	150	1	98	95	27.80	51.80	176711
/data1/users/siyangming/eccDNA/Solanum_lycopersicum/CRR1082980_2.fastq.gz	FASTQ	DNA	90067113	12882339112	36	143.0	150	150	150	150	0	150	1	98	93	26.53	51.97	180168
/data1/users/siyangming/eccDNA/Solanum_lycopersicum/CRR1082977_1.fastq.gz	FASTQ	DNA	83423483	11864790623	36	142.2	150	150	150	150	0	150	1	98	95	27.89	40.73	79334
/data1/users/siyangming/eccDNA/Solanum_lycopersicum/CRR1082977_2.fastq.gz	FASTQ	DNA	83423483	11880566580	36	142.4	150	150	150	150	0	150	1	98	94	27.59	40.82	16813
/data1/users/siyangming/eccDNA/Solanum_lycopersicum/CRR1082979_1.fastq.gz	FASTQ	DNA	95917404	13829813123	36	144.2	150	150	150	150	0	150	1	98	95	27.88	47.98	190198
/data1/users/siyangming/eccDNA/Solanum_lycopersicum/CRR1082979_2.fastq.gz	FASTQ	DNA	95917404	13685654623	36	142.7	150	150	150	150	0	150	1	98	93	26.42	48.08	192825
/data1/users/siyangming/eccDNA/Helianthus_annuus/SRR31773425.fastq.gz	FASTQ	DNA	125720	332526957	110	2645.0	38087	1055	2035	3492	0	3750	6964	42	8	10.90	39.10	0
/data1/users/siyangming/eccDNA/Helianthus_annuus/SRR31773427.fastq.gz	FASTQ	DNA	71652	194669383	135	2716.9	43623	1014	2049	3575	0	3934	5864	42	8	10.87	40.40	0
/data1/users/siyangming/eccDNA/Helianthus_annuus/SRR31773424.fastq.gz	FASTQ	DNA	376484	865434950	123	2298.7	72593	902	1728	3049	0	3298	8884	43	8	10.99	38.93	0
/data1/users/siyangming/eccDNA/Helianthus_annuus/SRR31773426.fastq.gz	FASTQ	DNA	380826	1000305153	139	2626.7	49873	941	1894	3424	0	3909	10924	42	8	10.95	40.40	0
/data1/users/siyangming/eccDNA/Nicotiana_benthamiana/SRR32429746_1.fastq.gz	FASTQ	DNA	15605975	2481350025	159	159.0	159	159	159	159	0	159	1	97	92	25.54	33.69	27215
/data1/users/siyangming/eccDNA/Nicotiana_benthamiana/SRR32429746_2.fastq.gz	FASTQ	DNA	15605975	2481350025	159	159.0	159	159	159	159	0	159	1	95	89	23.77	33.71	32269
/data1/users/siyangming/eccDNA/Nicotiana_benthamiana/SRR32429748_1.fastq.gz	FASTQ	DNA	18645927	2964702393	159	159.0	159	159	159	159	0	159	1	97	91	25.18	31.83	32588
/data1/users/siyangming/eccDNA/Nicotiana_benthamiana/SRR32429748_2.fastq.gz	FASTQ	DNA	18645927	2964702393	159	159.0	159	159	159	159	0	159	1	95	88	23.44	31.86	39404
/data1/users/siyangming/eccDNA/Nicotiana_benthamiana/SRR32429747_1.fastq.gz	FASTQ	DNA	18634386	2962867374	159	159.0	159	159	159	159	0	159	1	97	93	25.95	35.09	34090
/data1/users/siyangming/eccDNA/Nicotiana_benthamiana/SRR32429747_2.fastq.gz	FASTQ	DNA	18634386	2962867374	159	159.0	159	159	159	159	0	159	1	95	88	23.34	35.22	41275
/data1/users/siyangming/eccDNA/Nicotiana_benthamiana/SRR36603439.fastq.gz	FASTQ	DNA	223737	481759318	133	2153.2	36699	929	1646	2770	0	2954	7475	46	9	11.27	39.06	0
/data1/users/siyangming/eccDNA/Nicotiana_benthamiana/SRR36603440.fastq.gz	FASTQ	DNA	233654	405718849	112	1736.4	40082	686	1221	2218	0	2502	7045	46	9	11.29	38.75	0
/data1/users/siyangming/eccDNA/Nicotiana_benthamiana/SRR36603441.fastq.gz	FASTQ	DNA	255247	390666818	120	1530.5	41102	692	1148	1921	0	2034	6284	45	9	11.10	39.21	0
/data1/users/siyangming/eccDNA/Nicotiana_benthamiana/SRR36603442.fastq.gz	FASTQ	DNA	175607	400601007	122	2281.2	36703	952	1733	2900	0	3136	7567	39	7	10.49	38.08	0
/data1/users/siyangming/eccDNA/Beta_vulgaris/ERR6004146_1.fastq.gz	FASTQ	DNA	67395181	10176672331	151	151.0	151	151	151	151	0	151	1	97	93	26.88	39.25	594643
/data1/users/siyangming/eccDNA/Beta_vulgaris/ERR6004146_2.fastq.gz	FASTQ	DNA	67395181	10176672331	151	151.0	151	151	151	151	0	151	1	79	63	18.37	41.20	1346209
/data1/users/siyangming/eccDNA/Cryptomeria_japonica/DRR426557_1.fastq.gz	FASTQ	DNA	81463	18652188	35	229.0	251	230	250	251	0	251	1	99	98	31.74	44.01	1155
/data1/users/siyangming/eccDNA/Cryptomeria_japonica/DRR426557_2.fastq.gz	FASTQ	DNA	81463	18650277	35	228.9	251	230	250	251	0	251	1	97	95	28.39	44.12	1155
/data1/users/siyangming/eccDNA/Cryptomeria_japonica/DRR426558_1.fastq.gz	FASTQ	DNA	89363	16380129	35	183.3	251	118	211	250	0	250	2	88	84	22.78	44.81	21735
/data1/users/siyangming/eccDNA/Cryptomeria_japonica/DRR426558_2.fastq.gz	FASTQ	DNA	89363	16494907	35	184.6	251	119	218	251	0	250	2	82	77	21.14	45.40	22050
/data1/users/siyangming/eccDNA/Oryza_sativa/ERR10889820_1.fastq.gz	FASTQ	DNA	51330860	7699629000	150	150.0	150	150	150	150	0	150	1	98	96	31.43	46.18	42226
/data1/users/siyangming/eccDNA/Oryza_sativa/ERR10889820_2.fastq.gz	FASTQ	DNA	51330860	7699629000	150	150.0	150	150	150	150	0	150	1	96	93	27.90	46.24	3711992
/data1/users/siyangming/eccDNA/Oryza_sativa/ERR10889821_1.fastq.gz	FASTQ	DNA	50287982	7543197300	150	150.0	150	150	150	150	0	150	1	98	96	31.29	47.44	41077
/data1/users/siyangming/eccDNA/Oryza_sativa/ERR10889821_2.fastq.gz	FASTQ	DNA	50287982	7543197300	150	150.0	150	150	150	150	0	150	1	96	93	27.54	47.60	3669476
/data1/users/siyangming/eccDNA/Oryza_sativa/ERR10889822_1.fastq.gz	FASTQ	DNA	37113512	5567026800	150	150.0	150	150	150	150	0	150	1	98	96	30.70	44.77	26010
/data1/users/siyangming/eccDNA/Oryza_sativa/ERR10889822_2.fastq.gz	FASTQ	DNA	37113512	5567026800	150	150.0	150	150	150	150	0	150	1	95	92	26.47	45.01	5565788
/data1/users/siyangming/eccDNA/Oryza_sativa/ERR10889823_1.fastq.gz	FASTQ	DNA	68150268	10222540200	150	150.0	150	150	150	150	0	150	1	98	96	30.50	45.43	47435
/data1/users/siyangming/eccDNA/Oryza_sativa/ERR10889823_2.fastq.gz	FASTQ	DNA	68150268	10222540200	150	150.0	150	150	150	150	0	150	1	94	90	25.81	45.73	10177766
/data1/users/siyangming/eccDNA/Oryza_sativa/ERR10889824_1.fastq.gz	FASTQ	DNA	47587305	7138095750	150	150.0	150	150	150	150	0	150	1	98	97	31.45	49.11	36104
/data1/users/siyangming/eccDNA/Oryza_sativa/ERR10889824_2.fastq.gz	FASTQ	DNA	47587305	7138095750	150	150.0	150	150	150	150	0	150	1	96	94	28.03	49.30	3392228
/data1/users/siyangming/eccDNA/Oryza_sativa/ERR10889825_1.fastq.gz	FASTQ	DNA	56798964	8519844600	150	150.0	150	150	150	150	0	150	1	98	97	31.55	47.35	42930
/data1/users/siyangming/eccDNA/Oryza_sativa/ERR10889825_2.fastq.gz	FASTQ	DNA	56798964	8519844600	150	150.0	150	150	150	150	0	150	1	97	94	28.27	47.50	4028452
/data1/users/siyangming/eccDNA/Oryza_sativa/ERR10889826_1.fastq.gz	FASTQ	DNA	64967591	9745138650	150	150.0	150	150	150	150	0	150	1	98	96	30.44	50.65	44451
/data1/users/siyangming/eccDNA/Oryza_sativa/ERR10889826_2.fastq.gz	FASTQ	DNA	64967591	9745138650	150	150.0	150	150	150	150	0	150	1	96	93	26.68	50.97	9800790
/data1/users/siyangming/eccDNA/Oryza_sativa/SRR5051136_2.fastq.gz	FASTQ	DNA	228859	57443609	251	251.0	251	251	251	251	0	251	1	76	69	20.00	43.73	557
/data1/users/siyangming/eccDNA/Oryza_sativa/SRR5051137_1.fastq.gz	FASTQ	DNA	256449	64368699	251	251.0	251	251	251	251	0	251	1	81	76	21.40	42.58	155
/data1/users/siyangming/eccDNA/Oryza_sativa/SRR5051138_1.fastq.gz	FASTQ	DNA	349914	87828414	251	251.0	251	251	251	251	0	251	1	83	77	21.48	49.85	136
/data1/users/siyangming/eccDNA/Oryza_sativa/ERR12389808_2.fastq.gz	FASTQ	DNA	157606034	23786180513	150	150.9	151	151	151	151	0	151	1	92	86	22.52	54.09	1334459
/data1/users/siyangming/eccDNA/Oryza_sativa/ERR10889828_1.fastq.gz	FASTQ	DNA	37550975	5632646250	150	150.0	150	150	150	150	0	150	1	98	94	27.65	50.48	276322
/data1/users/siyangming/eccDNA/Oryza_sativa/ERR10889828_2.fastq.gz	FASTQ	DNA	37550975	5632646250	150	150.0	150	150	150	150	0	150	1	95	87	23.11	51.04	375605
/data1/users/siyangming/eccDNA/Oryza_sativa/ERR10889832_1.fastq.gz	FASTQ	DNA	36261811	5439271650	150	150.0	150	150	150	150	0	150	1	98	95	30.24	49.79	25819
/data1/users/siyangming/eccDNA/Oryza_sativa/ERR10889832_2.fastq.gz	FASTQ	DNA	36261811	5439271650	150	150.0	150	150	150	150	0	150	1	95	91	26.06	50.28	5427091
/data1/users/siyangming/eccDNA/Oryza_sativa/ERR10889831_1.fastq.gz	FASTQ	DNA	50737948	7610692200	150	150.0	150	150	150	150	0	150	1	98	95	30.12	54.31	35718
/data1/users/siyangming/eccDNA/Oryza_sativa/ERR10889831_2.fastq.gz	FASTQ	DNA	50737948	7610692200	150	150.0	150	150	150	150	0	150	1	97	94	27.33	54.35	7555183
/data1/users/siyangming/eccDNA/Oryza_sativa/ERR10889829_1.fastq.gz	FASTQ	DNA	50707737	7606160550	150	150.0	150	150	150	150	0	150	1	98	94	27.61	50.37	377458
/data1/users/siyangming/eccDNA/Oryza_sativa/ERR10889829_2.fastq.gz	FASTQ	DNA	50707737	7606160550	150	150.0	150	150	150	150	0	150	1	94	87	22.98	50.99	531406
/data1/users/siyangming/eccDNA/Oryza_sativa/ERR10889830_1.fastq.gz	FASTQ	DNA	49099032	7364854800	150	150.0	150	150	150	150	0	150	1	98	96	30.57	47.95	34126
/data1/users/siyangming/eccDNA/Oryza_sativa/ERR10889830_2.fastq.gz	FASTQ	DNA	49099032	7364854800	150	150.0	150	150	150	150	0	150	1	95	91	26.17	48.36	7343609
/data1/users/siyangming/eccDNA/Oryza_sativa/ERR10889827_1.fastq.gz	FASTQ	DNA	53605605	8040840750	150	150.0	150	150	150	150	0	150	1	98	96	30.31	49.73	38007
/data1/users/siyangming/eccDNA/Oryza_sativa/ERR10889827_2.fastq.gz	FASTQ	DNA	53605605	8040840750	150	150.0	150	150	150	150	0	150	1	95	91	25.94	50.43	8015659
/data1/users/siyangming/eccDNA/Oryza_sativa/ERR10889833_1.fastq.gz	FASTQ	DNA	74462771	11169415650	150	150.0	150	150	150	150	0	150	1	98	95	30.06	52.79	51056
/data1/users/siyangming/eccDNA/Oryza_sativa/ERR10889833_2.fastq.gz	FASTQ	DNA	74462771	11169415650	150	150.0	150	150	150	150	0	150	1	96	92	26.49	52.98	11100753
/data1/users/siyangming/eccDNA/Oryza_sativa/ERR10889838_1.fastq.gz	FASTQ	DNA	50521030	7578154500	150	150.0	150	150	150	150	0	150	1	98	97	30.95	47.56	44992
/data1/users/siyangming/eccDNA/Oryza_sativa/ERR10889838_2.fastq.gz	FASTQ	DNA	50521030	7578154500	150	150.0	150	150	150	150	0	150	1	96	94	27.06	47.59	6704286
/data1/users/siyangming/eccDNA/Oryza_sativa/ERR10889842_1.fastq.gz	FASTQ	DNA	52521572	7878235800	150	150.0	150	150	150	150	0	150	1	93	90	26.05	53.68	45240
/data1/users/siyangming/eccDNA/Oryza_sativa/ERR10889834_1.fastq.gz	FASTQ	DNA	90105225	13515783750	150	150.0	150	150	150	150	0	150	1	98	96	31.07	51.71	61525
/data1/users/siyangming/eccDNA/Oryza_sativa/ERR10889842_2.fastq.gz	FASTQ	DNA	52521572	7878235800	150	150.0	150	150	150	150	0	150	1	88	83	23.61	53.64	580405
/data1/users/siyangming/eccDNA/Oryza_sativa/ERR10889834_2.fastq.gz	FASTQ	DNA	90105225	13515783750	150	150.0	150	150	150	150	0	150	1	97	94	29.02	51.95	1981519
/data1/users/siyangming/eccDNA/Oryza_sativa/ERR10889843_1.fastq.gz	FASTQ	DNA	63196982	9479547300	150	150.0	150	150	150	150	0	150	1	95	92	27.26	55.03	54276
/data1/users/siyangming/eccDNA/Oryza_sativa/ERR10889843_2.fastq.gz	FASTQ	DNA	63196982	9479547300	150	150.0	150	150	150	150	0	150	1	91	86	24.53	55.00	746033
/data1/users/siyangming/eccDNA/Oryza_sativa/ERR10889849_1.fastq.gz	FASTQ	DNA	52335206	7850280900	150	150.0	150	150	150	150	0	150	1	97	95	29.40	50.93	43818
/data1/users/siyangming/eccDNA/Oryza_sativa/ERR10889849_2.fastq.gz	FASTQ	DNA	52335206	7850280900	150	150.0	150	150	150	150	0	150	1	92	88	25.50	50.94	603708
/data1/users/siyangming/eccDNA/Oryza_sativa/ERR10889848_1.fastq.gz	FASTQ	DNA	75208479	11281271850	150	150.0	150	150	150	150	0	150	1	97	94	28.75	49.70	62814
/data1/users/siyangming/eccDNA/Oryza_sativa/ERR10889848_2.fastq.gz	FASTQ	DNA	75208479	11281271850	150	150.0	150	150	150	150	0	150	1	93	89	25.97	49.79	851671
/data1/users/siyangming/eccDNA/Oryza_sativa/ERR10889835_1.fastq.gz	FASTQ	DNA	82957550	12443632500	150	150.0	150	150	150	150	0	150	1	98	96	31.01	51.41	58142
/data1/users/siyangming/eccDNA/Oryza_sativa/ERR10889835_2.fastq.gz	FASTQ	DNA	82957550	12443632500	150	150.0	150	150	150	150	0	150	1	97	94	29.03	51.69	1856709
/data1/users/siyangming/eccDNA/Oryza_sativa/ERR10889853_1.fastq.gz	FASTQ	DNA	56575131	8486269650	150	150.0	150	150	150	150	0	150	1	95	92	27.53	52.14	47692
/data1/users/siyangming/eccDNA/Oryza_sativa/ERR10889853_2.fastq.gz	FASTQ	DNA	56575131	8486269650	150	150.0	150	150	150	150	0	150	1	91	87	24.78	52.21	667839
/data1/users/siyangming/eccDNA/Oryza_sativa/ERR10889852_1.fastq.gz	FASTQ	DNA	63551657	9532748550	150	150.0	150	150	150	150	0	150	1	96	94	28.46	53.00	54098
/data1/users/siyangming/eccDNA/Oryza_sativa/ERR10889852_2.fastq.gz	FASTQ	DNA	63551657	9532748550	150	150.0	150	150	150	150	0	150	1	92	87	25.21	53.04	726690
/data1/users/siyangming/eccDNA/Oryza_sativa/ERR10889855_1.fastq.gz	FASTQ	DNA	59359643	8903946450	150	150.0	150	150	150	150	0	150	1	97	94	29.02	48.80	50968
/data1/users/siyangming/eccDNA/Oryza_sativa/ERR10889855_2.fastq.gz	FASTQ	DNA	59359643	8903946450	150	150.0	150	150	150	150	0	150	1	94	90	26.35	48.85	699960
/data1/users/siyangming/eccDNA/Oryza_sativa/ERR10889851_1.fastq.gz	FASTQ	DNA	122301578	18345236700	150	150.0	150	150	150	150	0	150	1	92	87	22.11	50.98	236641
/data1/users/siyangming/eccDNA/Oryza_sativa/ERR10889851_2.fastq.gz	FASTQ	DNA	122301578	18345236700	150	150.0	150	150	150	150	0	150	1	91	84	21.63	51.50	283855
/data1/users/siyangming/eccDNA/Oryza_sativa/ERR10889854_1.fastq.gz	FASTQ	DNA	81245208	12186781200	150	150.0	150	150	150	150	0	150	1	94	91	26.62	54.63	68615
/data1/users/siyangming/eccDNA/Oryza_sativa/ERR10889854_2.fastq.gz	FASTQ	DNA	81245208	12186781200	150	150.0	150	150	150	150	0	150	1	88	82	23.51	54.69	920484
/data1/users/siyangming/eccDNA/Oryza_sativa/ERR10889850_1.fastq.gz	FASTQ	DNA	157287584	23593137600	150	150.0	150	150	150	150	0	150	1	94	89	23.38	50.02	310077
/data1/users/siyangming/eccDNA/Oryza_sativa/ERR10889850_2.fastq.gz	FASTQ	DNA	157287584	23593137600	150	150.0	150	150	150	150	0	150	1	93	88	22.93	50.35	372124
/data1/users/siyangming/eccDNA/Oryza_sativa/ERR12389801_1.fastq.gz	FASTQ	DNA	154539362	23326904268	150	150.9	151	151	151	151	0	151	1	94	89	23.65	53.54	741300
/data1/users/siyangming/eccDNA/Oryza_sativa/ERR12389801_2.fastq.gz	FASTQ	DNA	154539362	23326904268	150	150.9	151	151	151	151	0	151	1	93	87	22.65	54.31	1330509
/data1/users/siyangming/eccDNA/Oryza_sativa/ERR12389800_1.fastq.gz	FASTQ	DNA	156507796	23620543601	150	150.9	151	151	151	151	0	151	1	94	88	23.18	54.31	772933
/data1/users/siyangming/eccDNA/Oryza_sativa/ERR12389800_2.fastq.gz	FASTQ	DNA	156507796	23620543601	150	150.9	151	151	151	151	0	151	1	92	85	22.21	54.91	1324013
/data1/users/siyangming/eccDNA/Oryza_sativa/SRR5051136_1.fastq.gz	FASTQ	DNA	228859	57443609	251	251.0	251	251	251	251	0	251	1	85	81	22.34	42.02	57
/data1/users/siyangming/eccDNA/Oryza_sativa/SRR5051137_2.fastq.gz	FASTQ	DNA	256449	64368699	251	251.0	251	251	251	251	0	251	1	72	64	19.27	45.32	904
/data1/users/siyangming/eccDNA/Oryza_sativa/SRR5051138_2.fastq.gz	FASTQ	DNA	349914	87828414	251	251.0	251	251	251	251	0	251	1	68	58	18.54	51.74	1177
/data1/users/siyangming/eccDNA/Oryza_sativa/SRR5051139_1.fastq.gz	FASTQ	DNA	411331	103244081	251	251.0	251	251	251	251	0	251	1	83	78	21.79	44.78	231
/data1/users/siyangming/eccDNA/Oryza_sativa/SRR5051139_2.fastq.gz	FASTQ	DNA	411331	103244081	251	251.0	251	251	251	251	0	251	1	72	63	19.34	46.41	1437
/data1/users/siyangming/eccDNA/Oryza_sativa/ERR12389802_1.fastq.gz	FASTQ	DNA	151718397	22834629003	150	150.5	151	150	151	151	0	151	1	92	86	22.31	55.18	1083082
/data1/users/siyangming/eccDNA/Oryza_sativa/ERR12389802_2.fastq.gz	FASTQ	DNA	151718397	22834629003	150	150.5	151	150	151	151	0	151	1	91	83	21.60	55.71	898765
/data1/users/siyangming/eccDNA/Oryza_sativa/ERR12389803_1.fastq.gz	FASTQ	DNA	142519890	21485030443	150	150.8	151	151	151	151	0	151	1	94	89	23.60	52.13	819000
/data1/users/siyangming/eccDNA/Oryza_sativa/ERR12389803_2.fastq.gz	FASTQ	DNA	142519890	21485030443	150	150.8	151	151	151	151	0	151	1	93	87	22.67	52.83	1050216
/data1/users/siyangming/eccDNA/Oryza_sativa/ERR12389804_1.fastq.gz	FASTQ	DNA	151976966	22872348106	150	150.5	151	150	150	151	0	151	1	93	88	22.96	53.04	1064977
/data1/users/siyangming/eccDNA/Oryza_sativa/ERR12389804_2.fastq.gz	FASTQ	DNA	151976966	22872348106	150	150.5	151	150	150	151	0	151	1	92	85	22.14	53.48	872707
/data1/users/siyangming/eccDNA/Oryza_sativa/ERR12389805_1.fastq.gz	FASTQ	DNA	142552175	21480740474	150	150.7	151	150	151	151	0	151	1	94	89	23.31	53.23	866961
/data1/users/siyangming/eccDNA/Oryza_sativa/ERR12389805_2.fastq.gz	FASTQ	DNA	142552175	21480740474	150	150.7	151	150	151	151	0	151	1	92	86	22.37	53.84	995149
/data1/users/siyangming/eccDNA/Oryza_sativa/ERR12389806_1.fastq.gz	FASTQ	DNA	163949815	24657745661	150	150.4	151	150	150	151	0	150	2	93	87	22.65	53.66	1198628
/data1/users/siyangming/eccDNA/Oryza_sativa/ERR12389806_2.fastq.gz	FASTQ	DNA	163949815	24657745661	150	150.4	151	150	150	151	0	150	2	91	84	21.99	54.40	854487
/data1/users/siyangming/eccDNA/Oryza_sativa/ERR12389807_1.fastq.gz	FASTQ	DNA	158804811	23947897110	150	150.8	151	151	151	151	0	151	1	93	87	22.72	55.06	880391
/data1/users/siyangming/eccDNA/Oryza_sativa/ERR12389807_2.fastq.gz	FASTQ	DNA	158804811	23947897110	150	150.8	151	151	151	151	0	151	1	91	84	21.91	55.48	1226286
/data1/users/siyangming/eccDNA/Oryza_sativa/ERR12389808_1.fastq.gz	FASTQ	DNA	157606034	23786180513	150	150.9	151	151	151	151	0	151	1	94	89	23.50	53.47	770141
/data1/users/siyangming/eccDNA/Oryza_sativa/ERR11838731.fastq.gz	FASTQ	DNA	404251	7548320019	61	18672.4	60219	14097	17497	22061	0	19569	19859	98	95	26.22	43.71	0
/data1/users/siyangming/eccDNA/Lycium_ruthenicum/CRR1082976_1.fastq.gz	FASTQ	DNA	82634474	11611683937	36	140.5	150	149	150	150	0	150	1	98	94	27.48	41.34	76987
/data1/users/siyangming/eccDNA/Lycium_ruthenicum/CRR1082976_2.fastq.gz	FASTQ	DNA	82634474	11530722991	36	139.5	150	143	150	150	0	150	1	98	93	26.51	41.40	15716
/data1/users/siyangming/eccDNA/Lycium_ruthenicum/CRR1082975_1.fastq.gz	FASTQ	DNA	67938734	9235120148	36	135.9	150	129	150	150	0	150	1	97	92	25.77	35.95	62350
/data1/users/siyangming/eccDNA/Lycium_ruthenicum/CRR1082975_2.fastq.gz	FASTQ	DNA	67938734	9286969048	36	136.7	150	129	150	150	0	150	1	97	91	25.86	36.12	12870
/data1/users/siyangming/eccDNA/Cynodon_dactylon/CRR3168887_1.fastq.gz	FASTQ	DNA	39066622	5859993300	150	150.0	150	150	150	150	0	150	1	99	96	26.39	47.46	519665
/data1/users/siyangming/eccDNA/Cynodon_dactylon/CRR3168887_2.fastq.gz	FASTQ	DNA	39066622	5859993300	150	150.0	150	150	150	150	0	150	1	96	92	22.33	47.21	526413
/data1/users/siyangming/eccDNA/Cynodon_dactylon/CRR3168889_1.fastq.gz	FASTQ	DNA	45962606	6894390900	150	150.0	150	150	150	150	0	150	1	98	95	25.54	46.83	641235
/data1/users/siyangming/eccDNA/Cynodon_dactylon/CRR3168889_2.fastq.gz	FASTQ	DNA	45962606	6894390900	150	150.0	150	150	150	150	0	150	1	96	92	22.08	46.44	566977
/data1/users/siyangming/eccDNA/Cynodon_dactylon/CRR3168890_1.fastq.gz	FASTQ	DNA	42539382	6380907300	150	150.0	150	150	150	150	0	150	1	99	96	26.25	47.18	567326
/data1/users/siyangming/eccDNA/Cynodon_dactylon/CRR3168890_2.fastq.gz	FASTQ	DNA	42539382	6380907300	150	150.0	150	150	150	150	0	150	1	96	92	22.24	46.82	537848
/data1/users/siyangming/eccDNA/Cynodon_dactylon/CRR3168888_1.fastq.gz	FASTQ	DNA	37903631	5685544650	150	150.0	150	150	150	150	0	150	1	99	96	26.35	47.95	495729
/data1/users/siyangming/eccDNA/Cynodon_dactylon/CRR3168888_2.fastq.gz	FASTQ	DNA	37903631	5685544650	150	150.0	150	150	150	150	0	150	1	97	93	23.10	47.71	498405
/data1/users/siyangming/eccDNA/Cynodon_dactylon/CRR3168886_1.fastq.gz	FASTQ	DNA	39077032	5861554800	150	150.0	150	150	150	150	0	150	1	99	96	26.44	47.45	534451
/data1/users/siyangming/eccDNA/Cynodon_dactylon/CRR3168886_2.fastq.gz	FASTQ	DNA	39077032	5861554800	150	150.0	150	150	150	150	0	150	1	97	92	22.41	47.01	490632
/data1/users/siyangming/eccDNA/Cynodon_dactylon/CRR3168885_1.fastq.gz	FASTQ	DNA	44666661	6699999150	150	150.0	150	150	150	150	0	150	1	99	96	26.14	47.36	607231
/data1/users/siyangming/eccDNA/Cynodon_dactylon/CRR3168885_2.fastq.gz	FASTQ	DNA	44666661	6699999150	150	150.0	150	150	150	150	0	150	1	97	92	22.35	47.00	559809
